Workbook

Sheet Istruzioni
A1: Calcolatore IMU 2027 – patrimonio Immobiliare Uno & Immobiliare Due
A3: COME FUNZIONA
A4: Base imponibile = rendita catastale × 1,05 (rivalutazione) × moltiplicatore della categoria × (1 − riduzione).
A5: IMU = base imponibile × quota di possesso × aliquota comunale (‰) × mesi imponibili / 12.
A6: Mese imponibile: si conta il mese se il possesso/la locazione dura più della metà dei giorni del mese.
A8: BENI MERCE (fabbricati costruiti dall'impresa e destinati alla vendita)
A9: Esenti IMU finché non locati (L. 160/2019 c. 751). Se 'Bene merce' = Sì, i mesi imponibili sono solo i mesi di locazione: è la logica della dichiarazione IMU che 'cristallizza' il dovuto sui mesi effettivi.
A11: ACCONTO E SALDO
A12: Acconto 16 giugno: primo semestre con aliquote dell'anno precedente. Saldo 16 dicembre: imposta annua con aliquote deliberate per l'anno in corso meno l'acconto (conguaglio). Dichiarazione IMU: entro il 30 giugno dell'anno successivo.
A14: IMMOBILI DEL GRUPPO D
A15: Quota Stato 7,6‰ (codice tributo 3925); l'eccedenza deliberata dal Comune va con codice 3930. Gli altri fabbricati usano il codice 3918.
A17: FOGLI
... A22: Celle gialle = dati da inserire/modificare. Celle bianche = formule.

Sheet Calcolo IMU
A1: Calcolo IMU 2027 per immobile
A2: Le colonne gialle sono i parametri di ogni immobile
A4: Società | B4: Immobile | C4: Descrizione | D4: Comune | E4: Cat. | F4: Rendita catastale | G4: Quota possesso | H4: Bene merce | I4: Mesi possesso 1° sem | J4: Mesi possesso 2° sem | K4: Mesi locati 1° sem | L4: Mesi locati 2° sem | M4: Riduzione (inagibile/storico) | N4: Rendita rivalutata | O4: Moltipl. | P4: Base imponibile | Q4: Aliquota acconto ‰ | R4: Aliquota saldo ‰ | S4: Mesi imponibili 1° sem | T4: Mesi imponibili 2° sem | U4: IMU piena (budget) | V4: Acconto 16/06 | W4: IMU annua dovuta | X4: Saldo 16/12 | Y4: Risparmio vs budget | Z4: Gruppo | AA4: Cod. tributo Comune | AB4: di cui quota Stato (3925) | AC4: di cui quota Comune | AD4: Acconto quota Stato | AE4: Saldo quota Stato | AF4: Cod. catastale
A5: IU | B5: IU-01 | C5: Ufficio Centro Direzionale Is. E3 | D5: Napoli | E5: A/10 | F5: 2450 | G5: 1 | H5: Sì | I5: 6 | J5: 6 | K5: 6 | L5: 6 | M5: 0 | N5: =IF($A5="",0,F5*(1+Parametri!$B$5)) -> 2572.5 | O5: =IF($A5="",0,VLOOKUP(E5,Parametri!$D$8:$G$24,2,0)) -> 80 | P5: =IF($A5="",0,N5*O5*(1-M5)) -> 205800 | Q5: =IF($A5="",0,VLOOKUP(D5,Parametri!$I$8:$L$12,3,0)) -> 10.6 | R5: =IF($A5="",0,VLOOKUP(D5,Parametri!$I$8:$L$12,4,0)) -> 10.6 | S5: =IF($A5="",0,IF(H5="Sì",MIN(I5,K5),I5)) -> 6 | T5: =IF($A5="",0,IF(H5="Sì",MIN(J5,L5),J5)) -> 6 | U5: =IF($A5="",0,ROUND(P5*G5*Q5/1000*(I5+J5)/12,2)) -> 2181.48 | V5: =IF($A5="",0,ROUND(P5*G5*Q5/1000*S5/12,2)) -> 1090.74 | W5: =IF($A5="",0,ROUND(P5*G5*R5/1000*(S5+T5)/12,2)) -> 2181.48 | X5: =W5-V5 -> 1090.74 | Y5: =U5-W5 -> 0 | Z5: =IF($A5="",0,VLOOKUP(E5,Parametri!$D$8:$G$24,3,0)) -> A10 | AA5: =IF($A5="","",VLOOKUP(E5,Parametri!$D$8:$G$24,4,0)) -> 3918 | AB5: =IF(Z5="D",ROUND(P5*G5*Parametri!$B$4/1000*(S5+T5)/12,2),0) -> 0 | AC5: =W5-AB5 -> 2181.48 | AD5: =IF(Z5="D",ROUND(P5*G5*Parametri!$B$4/1000*S5/12,2),0) -> 0 | AE5: =AB5-AD5 -> 0 | AF5: =IF($A5="","",VLOOKUP(D5,Parametri!$I$8:$L$12,2,0)) -> F839
A6: IU | B6: IU-02 | C6: Negozio Via Toledo | D6: Napoli | E6: C/1 | F6: 3900 | G6: 1 | H6: Sì | I6: 6 | J6: 6 | K6: 6 | L6: 6 | M6: 0 | N6: =IF($A6="",0,F6*(1+Parametri!$B$5)) -> 4095 | O6: =IF($A6="",0,VLOOKUP(E6,Parametri!$D$8:$G$24,2,0)) -> 55 | P6: =IF($A6="",0,N6*O6*(1-M6)) -> 225225 | Q6: =IF($A6="",0,VLOOKUP(D6,Parametri!$I$8:$L$12,3,0)) -> 10.6 | R6: =IF($A6="",0,VLOOKUP(D6,Parametri!$I$8:$L$12,4,0)) -> 10.6 | S6: =IF($A6="",0,IF(H6="Sì",MIN(I6,K6),I6)) -> 6 | T6: =IF($A6="",0,IF(H6="Sì",MIN(J6,L6),J6)) -> 6 | U6: =IF($A6="",0,ROUND(P6*G6*Q6/1000*(I6+J6)/12,2)) -> 2387.39 | V6: =IF($A6="",0,ROUND(P6*G6*Q6/1000*S6/12,2)) -> 1193.69 | W6: =IF($A6="",0,ROUND(P6*G6*R6/1000*(S6+T6)/12,2)) -> 2387.39 | X6: =W6-V6 -> 1193.7 | Y6: =U6-W6 -> 0 | Z6: =IF($A6="",0,VLOOKUP(E6,Parametri!$D$8:$G$24,3,0)) -> C1 | AA6: =IF($A6="","",VLOOKUP(E6,Parametri!$D$8:$G$24,4,0)) -> 3918 | AB6: =IF(Z6="D",ROUND(P6*G6*Parametri!$B$4/1000*(S6+T6)/12,2),0) -> 0 | AC6: =W6-AB6 -> 2387.39 | AD6: =IF(Z6="D",ROUND(P6*G6*Parametri!$B$4/1000*S6/12,2),0) -> 0 | AE6: =AB6-AD6 -> 0 | AF6: =IF($A6="","",VLOOKUP(D6,Parametri!$I$8:$L$12,2,0)) -> F839
A7: IU | B7: IU-03 | C7: Appartamento Vomero | D7: Napoli | E7: A/2 | F7: 1280 | G7: 1 | H7: Sì | I7: 6 | J7: 6 | K7: 6 | L7: 6 | M7: 0 | N7: =IF($A7="",0,F7*(1+Parametri!$B$5)) -> 1344 | O7: =IF($A7="",0,VLOOKUP(E7,Parametri!$D$8:$G$24,2,0)) -> 160 | P7: =IF($A7="",0,N7*O7*(1-M7)) -> 215040 | Q7: =IF($A7="",0,VLOOKUP(D7,Parametri!$I$8:$L$12,3,0)) -> 10.6 | R7: =IF($A7="",0,VLOOKUP(D7,Parametri!$I$8:$L$12,4,0)) -> 10.6 | S7: =IF($A7="",0,IF(H7="Sì",MIN(I7,K7),I7)) -> 6 | T7: =IF($A7="",0,IF(H7="Sì",MIN(J7,L7),J7)) -> 6 | U7: =IF($A7="",0,ROUND(P7*G7*Q7/1000*(I7+J7)/12,2)) -> 2279.42 | V7: =IF($A7="",0,ROUND(P7*G7*Q7/1000*S7/12,2)) -> 1139.71 | W7: =IF($A7="",0,ROUND(P7*G7*R7/1000*(S7+T7)/12,2)) -> 2279.42 | X7: =W7-V7 -> 1139.71 | Y7: =U7-W7 -> 0 | Z7: =IF($A7="",0,VLOOKUP(E7,Parametri!$D$8:$G$24,3,0)) -> A | AA7: =IF($A7="","",VLOOKUP(E7,Parametri!$D$8:$G$24,4,0)) -> 3918 | AB7: =IF(Z7="D",ROUND(P7*G7*Parametri!$B$4/1000*(S7+T7)/12,2),0) -> 0 | AC7: =W7-AB7 -> 2279.42 | AD7: =IF(Z7="D",ROUND(P7*G7*Parametri!$B$4/1000*S7/12,2),0) -> 0 | AE7: =AB7-AD7 -> 0 | AF7: =IF($A7="","",VLOOKUP(D7,Parametri!$I$8:$L$12,2,0)) -> F839
A8: IU | B8: IU-04 | C8: Appartamento Via Napoli | D8: Pozzuoli | E8: A/3 | F8: 780 | G8: 1 | H8: Sì | I8: 6 | J8: 6 | K8: 6 | L8: 6 | M8: 0 | N8: =IF($A8="",0,F8*(1+Parametri!$B$5)) -> 819 | O8: =IF($A8="",0,VLOOKUP(E8,Parametri!$D$8:$G$24,2,0)) -> 160 | P8: =IF($A8="",0,N8*O8*(1-M8)) -> 131040 | Q8: =IF($A8="",0,VLOOKUP(D8,Parametri!$I$8:$L$12,3,0)) -> 10.6 | R8: =IF($A8="",0,VLOOKUP(D8,Parametri!$I$8:$L$12,4,0)) -> 10.6 | S8: =IF($A8="",0,IF(H8="Sì",MIN(I8,K8),I8)) -> 6 | T8: =IF($A8="",0,IF(H8="Sì",MIN(J8,L8),J8)) -> 6 | U8: =IF($A8="",0,ROUND(P8*G8*Q8/1000*(I8+J8)/12,2)) -> 1389.02 | V8: =IF($A8="",0,ROUND(P8*G8*Q8/1000*S8/12,2)) -> 694.51 | W8: =IF($A8="",0,ROUND(P8*G8*R8/1000*(S8+T8)/12,2)) -> 1389.02 | X8: =W8-V8 -> 694.51 | Y8: =U8-W8 -> 0 | Z8: =IF($A8="",0,VLOOKUP(E8,Parametri!$D$8:$G$24,3,0)) -> A | AA8: =IF($A8="","",VLOOKUP(E8,Parametri!$D$8:$G$24,4,0)) -> 3918 | AB8: =IF(Z8="D",ROUND(P8*G8*Parametri!$B$4/1000*(S8+T8)/12,2),0) -> 0 | AC8: =W8-AB8 -> 1389.02 | AD8: =IF(Z8="D",ROUND(P8*G8*Parametri!$B$4/1000*S8/12,2),0) -> 0 | AE8: =AB8-AD8 -> 0 | AF8: =IF($A8="","",VLOOKUP(D8,Parametri!$I$8:$L$12,2,0)) -> G964
A9: IU | B9: IU-05 | C9: Box auto Via Napoli | D9: Pozzuoli | E9: C/6 | F9: 160 | G9: 1 | H9: Sì | I9: 6 | J9: 6 | K9: 6 | L9: 6 | M9: 0 | N9: =IF($A9="",0,F9*(1+Parametri!$B$5)) -> 168 | O9: =IF($A9="",0,VLOOKUP(E9,Parametri!$D$8:$G$24,2,0)) -> 160 | P9: =IF($A9="",0,N9*O9*(1-M9)) -> 26880 | Q9: =IF($A9="",0,VLOOKUP(D9,Parametri!$I$8:$L$12,3,0)) -> 10.6 | R9: =IF($A9="",0,VLOOKUP(D9,Parametri!$I$8:$L$12,4,0)) -> 10.6 | S9: =IF($A9="",0,IF(H9="Sì",MIN(I9,K9),I9)) -> 6 | T9: =IF($A9="",0,IF(H9="Sì",MIN(J9,L9),J9)) -> 6 | U9: =IF($A9="",0,ROUND(P9*G9*Q9/1000*(I9+J9)/12,2)) -> 284.93 | V9: =IF($A9="",0,ROUND(P9*G9*Q9/1000*S9/12,2)) -> 142.46 | W9: =IF($A9="",0,ROUND(P9*G9*R9/1000*(S9+T9)/12,2)) -> 284.93 | X9: =W9-V9 -> 142.47 | Y9: =U9-W9 -> 0 | Z9: =IF($A9="",0,VLOOKUP(E9,Parametri!$D$8:$G$24,3,0)) -> C | AA9: =IF($A9="","",VLOOKUP(E9,Parametri!$D$8:$G$24,4,0)) -> 3918 | AB9: =IF(Z9="D",ROUND(P9*G9*Parametri!$B$4/1000*(S9+T9)/12,2),0) -> 0 | AC9: =W9-AB9 -> 284.93 | AD9: =IF(Z9="D",ROUND(P9*G9*Parametri!$B$4/1000*S9/12,2),0) -> 0 | AE9: =AB9-AD9 -> 0 | AF9: =IF($A9="","",VLOOKUP(D9,Parametri!$I$8:$L$12,2,0)) -> G964
A10: IU | B10: IU-06 | C10: Capannone logistico | D10: Casoria | E10: D/7 | F10: 9800 | G10: 1 | H10: No | I10: 6 | J10: 6 | K10: 6 | L10: 6 | M10: 0 | N10: =IF($A10="",0,F10*(1+Parametri!$B$5)) -> 10290 | O10: =IF($A10="",0,VLOOKUP(E10,Parametri!$D$8:$G$24,2,0)) -> 65 | P10: =IF($A10="",0,N10*O10*(1-M10)) -> 668850 | Q10: =IF($A10="",0,VLOOKUP(D10,Parametri!$I$8:$L$12,3,0)) -> 10.6 | R10: =IF($A10="",0,VLOOKUP(D10,Parametri!$I$8:$L$12,4,0)) -> 10.6 | S10: =IF($A10="",0,IF(H10="Sì",MIN(I10,K10),I10)) -> 6 | T10: =IF($A10="",0,IF(H10="Sì",MIN(J10,L10),J10)) -> 6 | U10: =IF($A10="",0,ROUND(P10*G10*Q10/1000*(I10+J10)/12,2)) -> 7089.81 | V10: =IF($A10="",0,ROUND(P10*G10*Q10/1000*S10/12,2)) -> 3544.91 | W10: =IF($A10="",0,ROUND(P10*G10*R10/1000*(S10+T10)/12,2)) -> 7089.81 | X10: =W10-V10 -> 3544.9 | Y10: =U10-W10 -> 0 | Z10: =IF($A10="",0,VLOOKUP(E10,Parametri!$D$8:$G$24,3,0)) -> D | AA10: =IF($A10="","",VLOOKUP(E10,Parametri!$D$8:$G$24,4,0)) -> 3930 | AB10: =IF(Z10="D",ROUND(P10*G10*Parametri!$B$4/1000*(S10+T10)/12,2),0) -> 5083.26 | AC10: =W10-AB10 -> 2006.55 | AD10: =IF(Z10="D",ROUND(P10*G10*Parametri!$B$4/1000*S10/12,2),0) -> 2541.63 | AE10: =AB10-AD10 -> 2541.63 | AF10: =IF($A10="","",VLOOKUP(D10,Parametri!$I$8:$L$12,2,0)) -> B990
A11: ID | B11: ID-01 | C11: Appartamento Corso Trieste | D11: Caserta | E11: A/2 | F11: 1050 | G11: 1 | H11: Sì | I11: 6 | J11: 6 | K11: 6 | L11: 6 | M11: 0 | N11: =IF($A11="",0,F11*(1+Parametri!$B$5)) -> 1102.5 | O11: =IF($A11="",0,VLOOKUP(E11,Parametri!$D$8:$G$24,2,0)) -> 160 | P11: =IF($A11="",0,N11*O11*(1-M11)) -> 176400 | Q11: =IF($A11="",0,VLOOKUP(D11,Parametri!$I$8:$L$12,3,0)) -> 10.6 | R11: =IF($A11="",0,VLOOKUP(D11,Parametri!$I$8:$L$12,4,0)) -> 10.6 | S11: =IF($A11="",0,IF(H11="Sì",MIN(I11,K11),I11)) -> 6 | T11: =IF($A11="",0,IF(H11="Sì",MIN(J11,L11),J11)) -> 6 | U11: =IF($A11="",0,ROUND(P11*G11*Q11/1000*(I11+J11)/12,2)) -> 1869.84 | V11: =IF($A11="",0,ROUND(P11*G11*Q11/1000*S11/12,2)) -> 934.92 | W11: =IF($A11="",0,ROUND(P11*G11*R11/1000*(S11+T11)/12,2)) -> 1869.84 | X11: =W11-V11 -> 934.92 | Y11: =U11-W11 -> 0 | Z11: =IF($A11="",0,VLOOKUP(E11,Parametri!$D$8:$G$24,3,0)) -> A | AA11: =IF($A11="","",VLOOKUP(E11,Parametri!$D$8:$G$24,4,0)) -> 3918 | AB11: =IF(Z11="D",ROUND(P11*G11*Parametri!$B$4/1000*(S11+T11)/12,2),0) -> 0 | AC11: =W11-AB11 -> 1869.84 | AD11: =IF(Z11="D",ROUND(P11*G11*Parametri!$B$4/1000*S11/12,2),0) -> 0 | AE11: =AB11-AD11 -> 0 | AF11: =IF($A11="","",VLOOKUP(D11,Parametri!$I$8:$L$12,2,0)) -> B963
A12: ID | B12: ID-02 | C12: Ufficio Via Roma | D12: Caserta | E12: A/10 | F12: 1900 | G12: 1 | H12: Sì | I12: 6 | J12: 6 | K12: 6 | L12: 6 | M12: 0 | N12: =IF($A12="",0,F12*(1+Parametri!$B$5)) -> 1995 | O12: =IF($A12="",0,VLOOKUP(E12,Parametri!$D$8:$G$24,2,0)) -> 80 | P12: =IF($A12="",0,N12*O12*(1-M12)) -> 159600 | Q12: =IF($A12="",0,VLOOKUP(D12,Parametri!$I$8:$L$12,3,0)) -> 10.6 | R12: =IF($A12="",0,VLOOKUP(D12,Parametri!$I$8:$L$12,4,0)) -> 10.6 | S12: =IF($A12="",0,IF(H12="Sì",MIN(I12,K12),I12)) -> 6 | T12: =IF($A12="",0,IF(H12="Sì",MIN(J12,L12),J12)) -> 6 | U12: =IF($A12="",0,ROUND(P12*G12*Q12/1000*(I12+J12)/12,2)) -> 1691.76 | V12: =IF($A12="",0,ROUND(P12*G12*Q12/1000*S12/12,2)) -> 845.88 | W12: =IF($A12="",0,ROUND(P12*G12*R12/1000*(S12+T12)/12,2)) -> 1691.76 | X12: =W12-V12 -> 845.88 | Y12: =U12-W12 -> 0 | Z12: =IF($A12="",0,VLOOKUP(E12,Parametri!$D$8:$G$24,3,0)) -> A10 | AA12: =IF($A12="","",VLOOKUP(E12,Parametri!$D$8:$G$24,4,0)) -> 3918 | AB12: =IF(Z12="D",ROUND(P12*G12*Parametri!$B$4/1000*(S12+T12)/12,2),0) -> 0 | AC12: =W12-AB12 -> 1691.76 | AD12: =IF(Z12="D",ROUND(P12*G12*Parametri!$B$4/1000*S12/12,2),0) -> 0 | AE12: =AB12-AD12 -> 0 | AF12: =IF($A12="","",VLOOKUP(D12,Parametri!$I$8:$L$12,2,0)) -> B963
A13: ID | B13: ID-03 | C13: Negozio Corso Vittorio Emanuele | D13: Salerno | E13: C/1 | F13: 2700 | G13: 1 | H13: Sì | I13: 6 | J13: 6 | K13: 6 | L13: 6 | M13: 0 | N13: =IF($A13="",0,F13*(1+Parametri!$B$5)) -> 2835 | O13: =IF($A13="",0,VLOOKUP(E13,Parametri!$D$8:$G$24,2,0)) -> 55 | P13: =IF($A13="",0,N13*O13*(1-M13)) -> 155925 | Q13: =IF($A13="",0,VLOOKUP(D13,Parametri!$I$8:$L$12,3,0)) -> 10.4 | R13: =IF($A13="",0,VLOOKUP(D13,Parametri!$I$8:$L$12,4,0)) -> 10.6 | S13: =IF($A13="",0,IF(H13="Sì",MIN(I13,K13),I13)) -> 6 | T13: =IF($A13="",0,IF(H13="Sì",MIN(J13,L13),J13)) -> 6 | U13: =IF($A13="",0,ROUND(P13*G13*Q13/1000*(I13+J13)/12,2)) -> 1621.62 | V13: =IF($A13="",0,ROUND(P13*G13*Q13/1000*S13/12,2)) -> 810.81 | W13: =IF($A13="",0,ROUND(P13*G13*R13/1000*(S13+T13)/12,2)) -> 1652.81 | X13: =W13-V13 -> 842 | Y13: =U13-W13 -> -31.19 | Z13: =IF($A13="",0,VLOOKUP(E13,Parametri!$D$8:$G$24,3,0)) -> C1 | AA13: =IF($A13="","",VLOOKUP(E13,Parametri!$D$8:$G$24,4,0)) -> 3918 | AB13: =IF(Z13="D",ROUND(P13*G13*Parametri!$B$4/1000*(S13+T13)/12,2),0) -> 0 | AC13: =W13-AB13 -> 1652.81 | AD13: =IF(Z13="D",ROUND(P13*G13*Parametri!$B$4/1000*S13/12,2),0) -> 0 | AE13: =AB13-AD13 -> 0 | AF13: =IF($A13="","",VLOOKUP(D13,Parametri!$I$8:$L$12,2,0)) -> H703
A14: ID | B14: ID-04 | C14: Appartamento Lungomare | D14: Salerno | E14: A/3 | F14: 900 | G14: 1 | H14: Sì | I14: 6 | J14: 6 | K14: 3 | L14: 4 | M14: 0 | N14: =IF($A14="",0,F14*(1+Parametri!$B$5)) -> 945 | O14: =IF($A14="",0,VLOOKUP(E14,Parametri!$D$8:$G$24,2,0)) -> 160 | P14: =IF($A14="",0,N14*O14*(1-M14)) -> 151200 | Q14: =IF($A14="",0,VLOOKUP(D14,Parametri!$I$8:$L$12,3,0)) -> 10.4 | R14: =IF($A14="",0,VLOOKUP(D14,Parametri!$I$8:$L$12,4,0)) -> 10.6 | S14: =IF($A14="",0,IF(H14="Sì",MIN(I14,K14),I14)) -> 3 | T14: =IF($A14="",0,IF(H14="Sì",MIN(J14,L14),J14)) -> 4 | U14: =IF($A14="",0,ROUND(P14*G14*Q14/1000*(I14+J14)/12,2)) -> 1572.48 | V14: =IF($A14="",0,ROUND(P14*G14*Q14/1000*S14/12,2)) -> 393.12 | W14: =IF($A14="",0,ROUND(P14*G14*R14/1000*(S14+T14)/12,2)) -> 934.92 | X14: =W14-V14 -> 541.8 | Y14: =U14-W14 -> 637.56 | Z14: =IF($A14="",0,VLOOKUP(E14,Parametri!$D$8:$G$24,3,0)) -> A | AA14: =IF($A14="","",VLOOKUP(E14,Parametri!$D$8:$G$24,4,0)) -> 3918 | AB14: =IF(Z14="D",ROUND(P14*G14*Parametri!$B$4/1000*(S14+T14)/12,2),0) -> 0 | AC14: =W14-AB14 -> 934.92 | AD14: =IF(Z14="D",ROUND(P14*G14*Parametri!$B$4/1000*S14/12,2),0) -> 0 | AE14: =AB14-AD14 -> 0 | AF14: =IF($A14="","",VLOOKUP(D14,Parametri!$I$8:$L$12,2,0)) -> H703
A15: ID | B15: ID-05 | C15: Ufficio Centro Direzionale Is. G1 | D15: Napoli | E15: A/10 | F15: 3100 | G15: 1 | H15: Sì | I15: 6 | J15: 6 | K15: 6 | L15: 6 | M15: 0 | N15: =IF($A15="",0,F15*(1+Parametri!$B$5)) -> 3255 | O15: =IF($A15="",0,VLOOKUP(E15,Parametri!$D$8:$G$24,2,0)) -> 80 | P15: =IF($A15="",0,N15*O15*(1-M15)) -> 260400 | Q15: =IF($A15="",0,VLOOKUP(D15,Parametri!$I$8:$L$12,3,0)) -> 10.6 | R15: =IF($A15="",0,VLOOKUP(D15,Parametri!$I$8:$L$12,4,0)) -> 10.6 | S15: =IF($A15="",0,IF(H15="Sì",MIN(I15,K15),I15)) -> 6 | T15: =IF($A15="",0,IF(H15="Sì",MIN(J15,L15),J15)) -> 6 | U15: =IF($A15="",0,ROUND(P15*G15*Q15/1000*(I15+J15)/12,2)) -> 2760.24 | V15: =IF($A15="",0,ROUND(P15*G15*Q15/1000*S15/12,2)) -> 1380.12 | W15: =IF($A15="",0,ROUND(P15*G15*R15/1000*(S15+T15)/12,2)) -> 2760.24 | X15: =W15-V15 -> 1380.12 | Y15: =U15-W15 -> 0 | Z15: =IF($A15="",0,VLOOKUP(E15,Parametri!$D$8:$G$24,3,0)) -> A10 | AA15: =IF($A15="","",VLOOKUP(E15,Parametri!$D$8:$G$24,4,0)) -> 3918 | AB15: =IF(Z15="D",ROUND(P15*G15*Parametri!$B$4/1000*(S15+T15)/12,2),0) -> 0 | AC15: =W15-AB15 -> 2760.24 | AD15: =IF(Z15="D",ROUND(P15*G15*Parametri!$B$4/1000*S15/12,2),0) -> 0 | AE15: =AB15-AD15 -> 0 | AF15: =IF($A15="","",VLOOKUP(D15,Parametri!$I$8:$L$12,2,0)) -> F839
A16: ID | B16: ID-06 | C16: Posto auto Via Pergolesi | D16: Pozzuoli | E16: C/6 | F16: 95 | G16: 1 | H16: Sì | I16: 6 | J16: 6 | K16: 0 | L16: 0 | M16: 0 | N16: =IF($A16="",0,F16*(1+Parametri!$B$5)) -> 99.75 | O16: =IF($A16="",0,VLOOKUP(E16,Parametri!$D$8:$G$24,2,0)) -> 160 | P16: =IF($A16="",0,N16*O16*(1-M16)) -> 15960 | Q16: =IF($A16="",0,VLOOKUP(D16,Parametri!$I$8:$L$12,3,0)) -> 10.6 | R16: =IF($A16="",0,VLOOKUP(D16,Parametri!$I$8:$L$12,4,0)) -> 10.6 | S16: =IF($A16="",0,IF(H16="Sì",MIN(I16,K16),I16)) -> 0 | T16: =IF($A16="",0,IF(H16="Sì",MIN(J16,L16),J16)) -> 0 | U16: =IF($A16="",0,ROUND(P16*G16*Q16/1000*(I16+J16)/12,2)) -> 169.18 | V16: =IF($A16="",0,ROUND(P16*G16*Q16/1000*S16/12,2)) -> 0 | W16: =IF($A16="",0,ROUND(P16*G16*R16/1000*(S16+T16)/12,2)) -> 0 | X16: =W16-V16 -> 0 | Y16: =U16-W16 -> 169.18 | Z16: =IF($A16="",0,VLOOKUP(E16,Parametri!$D$8:$G$24,3,0)) -> C | AA16: =IF($A16="","",VLOOKUP(E16,Parametri!$D$8:$G$24,4,0)) -> 3918 | AB16: =IF(Z16="D",ROUND(P16*G16*Parametri!$B$4/1000*(S16+T16)/12,2),0) -> 0 | AC16: =W16-AB16 -> 0 | AD16: =IF(Z16="D",ROUND(P16*G16*Parametri!$B$4/1000*S16/12,2),0) -> 0 | AE16: =AB16-AD16 -> 0 | AF16: =IF($A16="","",VLOOKUP(D16,Parametri!$I$8:$L$12,2,0)) -> G964
N17: =IF($A17="",0,F17*(1+Parametri!$B$5)) -> 0 | O17: =IF($A17="",0,VLOOKUP(E17,Parametri!$D$8:$G$24,2,0)) -> 0 | P17: =IF($A17="",0,N17*O17*(1-M17)) -> 0 | Q17: =IF($A17="",0,VLOOKUP(D17,Parametri!$I$8:$L$12,3,0)) -> 0 | R17: =IF($A17="",0,VLOOKUP(D17,Parametri!$I$8:$L$12,4,0)) -> 0 | S17: =IF($A17="",0,IF(H17="Sì",MIN(I17,K17),I17)) -> 0 | T17: =IF($A17="",0,IF(H17="Sì",MIN(J17,L17),J17)) -> 0 | U17: =IF($A17="",0,ROUND(P17*G17*Q17/1000*(I17+J17)/12,2)) -> 0 | V17: =IF($A17="",0,ROUND(P17*G17*Q17/1000*S17/12,2)) -> 0 | W17: =IF($A17="",0,ROUND(P17*G17*R17/1000*(S17+T17)/12,2)) -> 0 | X17: =W17-V17 -> 0 | Y17: =U17-W17 -> 0 | Z17: =IF($A17="",0,VLOOKUP(E17,Parametri!$D$8:$G$24,3,0)) -> 0 | AA17: =IF($A17="","",VLOOKUP(E17,Parametri!$D$8:$G$24,4,0)) | AB17: =IF(Z17="D",ROUND(P17*G17*Parametri!$B$4/1000*(S17+T17)/12,2),0) -> 0 | AC17: =W17-AB17 -> 0 | AD17: =IF(Z17="D",ROUND(P17*G17*Parametri!$B$4/1000*S17/12,2),0) -> 0 | AE17: =AB17-AD17 -> 0 | AF17: =IF($A17="","",VLOOKUP(D17,Parametri!$I$8:$L$12,2,0))
N18: =IF($A18="",0,F18*(1+Parametri!$B$5)) -> 0 | O18: =IF($A18="",0,VLOOKUP(E18,Parametri!$D$8:$G$24,2,0)) -> 0 | P18: =IF($A18="",0,N18*O18*(1-M18)) -> 0 | Q18: =IF($A18="",0,VLOOKUP(D18,Parametri!$I$8:$L$12,3,0)) -> 0 | R18: =IF($A18="",0,VLOOKUP(D18,Parametri!$I$8:$L$12,4,0)) -> 0 | S18: =IF($A18="",0,IF(H18="Sì",MIN(I18,K18),I18)) -> 0 | T18: =IF($A18="",0,IF(H18="Sì",MIN(J18,L18),J18)) -> 0 | U18: =IF($A18="",0,ROUND(P18*G18*Q18/1000*(I18+J18)/12,2)) -> 0 | V18: =IF($A18="",0,ROUND(P18*G18*Q18/1000*S18/12,2)) -> 0 | W18: =IF($A18="",0,ROUND(P18*G18*R18/1000*(S18+T18)/12,2)) -> 0 | X18: =W18-V18 -> 0 | Y18: =U18-W18 -> 0 | Z18: =IF($A18="",0,VLOOKUP(E18,Parametri!$D$8:$G$24,3,0)) -> 0 | AA18: =IF($A18="","",VLOOKUP(E18,Parametri!$D$8:$G$24,4,0)) | AB18: =IF(Z18="D",ROUND(P18*G18*Parametri!$B$4/1000*(S18+T18)/12,2),0) -> 0 | AC18: =W18-AB18 -> 0 | AD18: =IF(Z18="D",ROUND(P18*G18*Parametri!$B$4/1000*S18/12,2),0) -> 0 | AE18: =AB18-AD18 -> 0 | AF18: =IF($A18="","",VLOOKUP(D18,Parametri!$I$8:$L$12,2,0))
N19: =IF($A19="",0,F19*(1+Parametri!$B$5)) -> 0 | O19: =IF($A19="",0,VLOOKUP(E19,Parametri!$D$8:$G$24,2,0)) -> 0 | P19: =IF($A19="",0,N19*O19*(1-M19)) -> 0 | Q19: =IF($A19="",0,VLOOKUP(D19,Parametri!$I$8:$L$12,3,0)) -> 0 | R19: =IF($A19="",0,VLOOKUP(D19,Parametri!$I$8:$L$12,4,0)) -> 0 | S19: =IF($A19="",0,IF(H19="Sì",MIN(I19,K19),I19)) -> 0 | T19: =IF($A19="",0,IF(H19="Sì",MIN(J19,L19),J19)) -> 0 | U19: =IF($A19="",0,ROUND(P19*G19*Q19/1000*(I19+J19)/12,2)) -> 0 | V19: =IF($A19="",0,ROUND(P19*G19*Q19/1000*S19/12,2)) -> 0 | W19: =IF($A19="",0,ROUND(P19*G19*R19/1000*(S19+T19)/12,2)) -> 0 | X19: =W19-V19 -> 0 | Y19: =U19-W19 -> 0 | Z19: =IF($A19="",0,VLOOKUP(E19,Parametri!$D$8:$G$24,3,0)) -> 0 | AA19: =IF($A19="","",VLOOKUP(E19,Parametri!$D$8:$G$24,4,0)) | AB19: =IF(Z19="D",ROUND(P19*G19*Parametri!$B$4/1000*(S19+T19)/12,2),0) -> 0 | AC19: =W19-AB19 -> 0 | AD19: =IF(Z19="D",ROUND(P19*G19*Parametri!$B$4/1000*S19/12,2),0) -> 0 | AE19: =AB19-AD19 -> 0 | AF19: =IF($A19="","",VLOOKUP(D19,Parametri!$I$8:$L$12,2,0))
N20: =IF($A20="",0,F20*(1+Parametri!$B$5)) -> 0 | O20: =IF($A20="",0,VLOOKUP(E20,Parametri!$D$8:$G$24,2,0)) -> 0 | P20: =IF($A20="",0,N20*O20*(1-M20)) -> 0 | Q20: =IF($A20="",0,VLOOKUP(D20,Parametri!$I$8:$L$12,3,0)) -> 0 | R20: =IF($A20="",0,VLOOKUP(D20,Parametri!$I$8:$L$12,4,0)) -> 0 | S20: =IF($A20="",0,IF(H20="Sì",MIN(I20,K20),I20)) -> 0 | T20: =IF($A20="",0,IF(H20="Sì",MIN(J20,L20),J20)) -> 0 | U20: =IF($A20="",0,ROUND(P20*G20*Q20/1000*(I20+J20)/12,2)) -> 0 | V20: =IF($A20="",0,ROUND(P20*G20*Q20/1000*S20/12,2)) -> 0 | W20: =IF($A20="",0,ROUND(P20*G20*R20/1000*(S20+T20)/12,2)) -> 0 | X20: =W20-V20 -> 0 | Y20: =U20-W20 -> 0 | Z20: =IF($A20="",0,VLOOKUP(E20,Parametri!$D$8:$G$24,3,0)) -> 0 | AA20: =IF($A20="","",VLOOKUP(E20,Parametri!$D$8:$G$24,4,0)) | AB20: =IF(Z20="D",ROUND(P20*G20*Parametri!$B$4/1000*(S20+T20)/12,2),0) -> 0 | AC20: =W20-AB20 -> 0 | AD20: =IF(Z20="D",ROUND(P20*G20*Parametri!$B$4/1000*S20/12,2),0) -> 0 | AE20: =AB20-AD20 -> 0 | AF20: =IF($A20="","",VLOOKUP(D20,Parametri!$I$8:$L$12,2,0))
N21: =IF($A21="",0,F21*(1+Parametri!$B$5)) -> 0 | O21: =IF($A21="",0,VLOOKUP(E21,Parametri!$D$8:$G$24,2,0)) -> 0 | P21: =IF($A21="",0,N21*O21*(1-M21)) -> 0 | Q21: =IF($A21="",0,VLOOKUP(D21,Parametri!$I$8:$L$12,3,0)) -> 0 | R21: =IF($A21="",0,VLOOKUP(D21,Parametri!$I$8:$L$12,4,0)) -> 0 | S21: =IF($A21="",0,IF(H21="Sì",MIN(I21,K21),I21)) -> 0 | T21: =IF($A21="",0,IF(H21="Sì",MIN(J21,L21),J21)) -> 0 | U21: =IF($A21="",0,ROUND(P21*G21*Q21/1000*(I21+J21)/12,2)) -> 0 | V21: =IF($A21="",0,ROUND(P21*G21*Q21/1000*S21/12,2)) -> 0 | W21: =IF($A21="",0,ROUND(P21*G21*R21/1000*(S21+T21)/12,2)) -> 0 | X21: =W21-V21 -> 0 | Y21: =U21-W21 -> 0 | Z21: =IF($A21="",0,VLOOKUP(E21,Parametri!$D$8:$G$24,3,0)) -> 0 | AA21: =IF($A21="","",VLOOKUP(E21,Parametri!$D$8:$G$24,4,0)) | AB21: =IF(Z21="D",ROUND(P21*G21*Parametri!$B$4/1000*(S21+T21)/12,2),0) -> 0 | AC21: =W21-AB21 -> 0 | AD21: =IF(Z21="D",ROUND(P21*G21*Parametri!$B$4/1000*S21/12,2),0) -> 0 | AE21: =AB21-AD21 -> 0 | AF21: =IF($A21="","",VLOOKUP(D21,Parametri!$I$8:$L$12,2,0))
N22: =IF($A22="",0,F22*(1+Parametri!$B$5)) -> 0 | O22: =IF($A22="",0,VLOOKUP(E22,Parametri!$D$8:$G$24,2,0)) -> 0 | P22: =IF($A22="",0,N22*O22*(1-M22)) -> 0 | Q22: =IF($A22="",0,VLOOKUP(D22,Parametri!$I$8:$L$12,3,0)) -> 0 | R22: =IF($A22="",0,VLOOKUP(D22,Parametri!$I$8:$L$12,4,0)) -> 0 | S22: =IF($A22="",0,IF(H22="Sì",MIN(I22,K22),I22)) -> 0 | T22: =IF($A22="",0,IF(H22="Sì",MIN(J22,L22),J22)) -> 0 | U22: =IF($A22="",0,ROUND(P22*G22*Q22/1000*(I22+J22)/12,2)) -> 0 | V22: =IF($A22="",0,ROUND(P22*G22*Q22/1000*S22/12,2)) -> 0 | W22: =IF($A22="",0,ROUND(P22*G22*R22/1000*(S22+T22)/12,2)) -> 0 | X22: =W22-V22 -> 0 | Y22: =U22-W22 -> 0 | Z22: =IF($A22="",0,VLOOKUP(E22,Parametri!$D$8:$G$24,3,0)) -> 0 | AA22: =IF($A22="","",VLOOKUP(E22,Parametri!$D$8:$G$24,4,0)) | AB22: =IF(Z22="D",ROUND(P22*G22*Parametri!$B$4/1000*(S22+T22)/12,2),0) -> 0 | AC22: =W22-AB22 -> 0 | AD22: =IF(Z22="D",ROUND(P22*G22*Parametri!$B$4/1000*S22/12,2),0) -> 0 | AE22: =AB22-AD22 -> 0 | AF22: =IF($A22="","",VLOOKUP(D22,Parametri!$I$8:$L$12,2,0))
N23: =IF($A23="",0,F23*(1+Parametri!$B$5)) -> 0 | O23: =IF($A23="",0,VLOOKUP(E23,Parametri!$D$8:$G$24,2,0)) -> 0 | P23: =IF($A23="",0,N23*O23*(1-M23)) -> 0 | Q23: =IF($A23="",0,VLOOKUP(D23,Parametri!$I$8:$L$12,3,0)) -> 0 | R23: =IF($A23="",0,VLOOKUP(D23,Parametri!$I$8:$L$12,4,0)) -> 0 | S23: =IF($A23="",0,IF(H23="Sì",MIN(I23,K23),I23)) -> 0 | T23: =IF($A23="",0,IF(H23="Sì",MIN(J23,L23),J23)) -> 0 | U23: =IF($A23="",0,ROUND(P23*G23*Q23/1000*(I23+J23)/12,2)) -> 0 | V23: =IF($A23="",0,ROUND(P23*G23*Q23/1000*S23/12,2)) -> 0 | W23: =IF($A23="",0,ROUND(P23*G23*R23/1000*(S23+T23)/12,2)) -> 0 | X23: =W23-V23 -> 0 | Y23: =U23-W23 -> 0 | Z23: =IF($A23="",0,VLOOKUP(E23,Parametri!$D$8:$G$24,3,0)) -> 0 | AA23: =IF($A23="","",VLOOKUP(E23,Parametri!$D$8:$G$24,4,0)) | AB23: =IF(Z23="D",ROUND(P23*G23*Parametri!$B$4/1000*(S23+T23)/12,2),0) -> 0 | AC23: =W23-AB23 -> 0 | AD23: =IF(Z23="D",ROUND(P23*G23*Parametri!$B$4/1000*S23/12,2),0) -> 0 | AE23: =AB23-AD23 -> 0 | AF23: =IF($A23="","",VLOOKUP(D23,Parametri!$I$8:$L$12,2,0))
N24: =IF($A24="",0,F24*(1+Parametri!$B$5)) -> 0 | O24: =IF($A24="",0,VLOOKUP(E24,Parametri!$D$8:$G$24,2,0)) -> 0 | P24: =IF($A24="",0,N24*O24*(1-M24)) -> 0 | Q24: =IF($A24="",0,VLOOKUP(D24,Parametri!$I$8:$L$12,3,0)) -> 0 | R24: =IF($A24="",0,VLOOKUP(D24,Parametri!$I$8:$L$12,4,0)) -> 0 | S24: =IF($A24="",0,IF(H24="Sì",MIN(I24,K24),I24)) -> 0 | T24: =IF($A24="",0,IF(H24="Sì",MIN(J24,L24),J24)) -> 0 | U24: =IF($A24="",0,ROUND(P24*G24*Q24/1000*(I24+J24)/12,2)) -> 0 | V24: =IF($A24="",0,ROUND(P24*G24*Q24/1000*S24/12,2)) -> 0 | W24: =IF($A24="",0,ROUND(P24*G24*R24/1000*(S24+T24)/12,2)) -> 0 | X24: =W24-V24 -> 0 | Y24: =U24-W24 -> 0 | Z24: =IF($A24="",0,VLOOKUP(E24,Parametri!$D$8:$G$24,3,0)) -> 0 | AA24: =IF($A24="","",VLOOKUP(E24,Parametri!$D$8:$G$24,4,0)) | AB24: =IF(Z24="D",ROUND(P24*G24*Parametri!$B$4/1000*(S24+T24)/12,2),0) -> 0 | AC24: =W24-AB24 -> 0 | AD24: =IF(Z24="D",ROUND(P24*G24*Parametri!$B$4/1000*S24/12,2),0) -> 0 | AE24: =AB24-AD24 -> 0 | AF24: =IF($A24="","",VLOOKUP(D24,Parametri!$I$8:$L$12,2,0))
N25: =IF($A25="",0,F25*(1+Parametri!$B$5)) -> 0 | O25: =IF($A25="",0,VLOOKUP(E25,Parametri!$D$8:$G$24,2,0)) -> 0 | P25: =IF($A25="",0,N25*O25*(1-M25)) -> 0 | Q25: =IF($A25="",0,VLOOKUP(D25,Parametri!$I$8:$L$12,3,0)) -> 0 | R25: =IF($A25="",0,VLOOKUP(D25,Parametri!$I$8:$L$12,4,0)) -> 0 | S25: =IF($A25="",0,IF(H25="Sì",MIN(I25,K25),I25)) -> 0 | T25: =IF($A25="",0,IF(H25="Sì",MIN(J25,L25),J25)) -> 0 | U25: =IF($A25="",0,ROUND(P25*G25*Q25/1000*(I25+J25)/12,2)) -> 0 | V25: =IF($A25="",0,ROUND(P25*G25*Q25/1000*S25/12,2)) -> 0 | W25: =IF($A25="",0,ROUND(P25*G25*R25/1000*(S25+T25)/12,2)) -> 0 | X25: =W25-V25 -> 0 | Y25: =U25-W25 -> 0 | Z25: =IF($A25="",0,VLOOKUP(E25,Parametri!$D$8:$G$24,3,0)) -> 0 | AA25: =IF($A25="","",VLOOKUP(E25,Parametri!$D$8:$G$24,4,0)) | AB25: =IF(Z25="D",ROUND(P25*G25*Parametri!$B$4/1000*(S25+T25)/12,2),0) -> 0 | AC25: =W25-AB25 -> 0 | AD25: =IF(Z25="D",ROUND(P25*G25*Parametri!$B$4/1000*S25/12,2),0) -> 0 | AE25: =AB25-AD25 -> 0 | AF25: =IF($A25="","",VLOOKUP(D25,Parametri!$I$8:$L$12,2,0))
N26: =IF($A26="",0,F26*(1+Parametri!$B$5)) -> 0 | O26: =IF($A26="",0,VLOOKUP(E26,Parametri!$D$8:$G$24,2,0)) -> 0 | P26: =IF($A26="",0,N26*O26*(1-M26)) -> 0 | Q26: =IF($A26="",0,VLOOKUP(D26,Parametri!$I$8:$L$12,3,0)) -> 0 | R26: =IF($A26="",0,VLOOKUP(D26,Parametri!$I$8:$L$12,4,0)) -> 0 | S26: =IF($A26="",0,IF(H26="Sì",MIN(I26,K26),I26)) -> 0 | T26: =IF($A26="",0,IF(H26="Sì",MIN(J26,L26),J26)) -> 0 | U26: =IF($A26="",0,ROUND(P26*G26*Q26/1000*(I26+J26)/12,2)) -> 0 | V26: =IF($A26="",0,ROUND(P26*G26*Q26/1000*S26/12,2)) -> 0 | W26: =IF($A26="",0,ROUND(P26*G26*R26/1000*(S26+T26)/12,2)) -> 0 | X26: =W26-V26 -> 0 | Y26: =U26-W26 -> 0 | Z26: =IF($A26="",0,VLOOKUP(E26,Parametri!$D$8:$G$24,3,0)) -> 0 | AA26: =IF($A26="","",VLOOKUP(E26,Parametri!$D$8:$G$24,4,0)) | AB26: =IF(Z26="D",ROUND(P26*G26*Parametri!$B$4/1000*(S26+T26)/12,2),0) -> 0 | AC26: =W26-AB26 -> 0 | AD26: =IF(Z26="D",ROUND(P26*G26*Parametri!$B$4/1000*S26/12,2),0) -> 0 | AE26: =AB26-AD26 -> 0 | AF26: =IF($A26="","",VLOOKUP(D26,Parametri!$I$8:$L$12,2,0))
A27: TOTALE | U27: =SUM(U5:U26) -> 25297.17 | V27: =SUM(V5:V26) -> 12170.87 | W27: =SUM(W5:W26) -> 24521.62 | X27: =SUM(X5:X26) -> 12350.75 | Y27: =SUM(Y5:Y26) -> 775.55 | AB27: =SUM(AB5:AB26) -> 5083.26 | AC27: =SUM(AC5:AC26) -> 19438.36 | AD27: =SUM(AD5:AD26) -> 2541.63 | AE27: =SUM(AE5:AE26) -> 2541.63

Sheet Riepilogo F24
A1: Riepilogo versamenti F24 – Sezione IMU 2027
A4: Società | B4: Comune | C4: Codice ente | D4: Codice tributo | E4: Acconto 16/06 | F4: Saldo 16/12 | G4: Totale
A5: IU | B5: Napoli | C5: =VLOOKUP(B5,Parametri!$I$8:$L$12,2,0) -> F839 | D5: 3918 | E5: =SUMIFS('Calcolo IMU'!$V$5:$V$26,'Calcolo IMU'!$A$5:$A$26,A5,'Calcolo IMU'!$D$5:$D$26,B5,'Calcolo IMU'!$AA$5:$AA$26,"3918") -> 3424.14 | F5: =SUMIFS('Calcolo IMU'!$X$5:$X$26,'Calcolo IMU'!$A$5:$A$26,A5,'Calcolo IMU'!$D$5:$D$26,B5,'Calcolo IMU'!$AA$5:$AA$26,"3918") -> 3424.15 | G5: =E5+F5 -> 6848.29
A6: IU | B6: Pozzuoli | C6: =VLOOKUP(B6,Parametri!$I$8:$L$12,2,0) -> G964 | D6: 3918 | E6: =SUMIFS('Calcolo IMU'!$V$5:$V$26,'Calcolo IMU'!$A$5:$A$26,A6,'Calcolo IMU'!$D$5:$D$26,B6,'Calcolo IMU'!$AA$5:$AA$26,"3918") -> 836.97 | F6: =SUMIFS('Calcolo IMU'!$X$5:$X$26,'Calcolo IMU'!$A$5:$A$26,A6,'Calcolo IMU'!$D$5:$D$26,B6,'Calcolo IMU'!$AA$5:$AA$26,"3918") -> 836.98 | G6: =E6+F6 -> 1673.95
A7: IU | B7: Casoria | C7: =VLOOKUP(B7,Parametri!$I$8:$L$12,2,0) -> B990 | D7: 3925 | E7: =SUMIFS('Calcolo IMU'!$AD$5:$AD$26,'Calcolo IMU'!$A$5:$A$26,A7,'Calcolo IMU'!$D$5:$D$26,B7,'Calcolo IMU'!$Z$5:$Z$26,"D") -> 2541.63 | F7: =SUMIFS('Calcolo IMU'!$AE$5:$AE$26,'Calcolo IMU'!$A$5:$A$26,A7,'Calcolo IMU'!$D$5:$D$26,B7,'Calcolo IMU'!$Z$5:$Z$26,"D") -> 2541.63 | G7: =E7+F7 -> 5083.26
A8: IU | B8: Casoria | C8: =VLOOKUP(B8,Parametri!$I$8:$L$12,2,0) -> B990 | D8: 3930 | E8: =SUMIFS('Calcolo IMU'!$V$5:$V$26,'Calcolo IMU'!$A$5:$A$26,A8,'Calcolo IMU'!$D$5:$D$26,B8,'Calcolo IMU'!$Z$5:$Z$26,"D")-SUMIFS('Calcolo IMU'!$AD$5:$AD$26,'Calcolo IMU'!$A$5:$A$26,A8,'Calcolo IMU'!$D$5:$D$26,B8,'Calcolo IMU'!$Z$5:$Z$26,"D") -> 1003.28 | F8: =SUMIFS('Calcolo IMU'!$X$5:$X$26,'Calcolo IMU'!$A$5:$A$26,A8,'Calcolo IMU'!$D$5:$D$26,B8,'Calcolo IMU'!$Z$5:$Z$26,"D")-SUMIFS('Calcolo IMU'!$AE$5:$AE$26,'Calcolo IMU'!$A$5:$A$26,A8,'Calcolo IMU'!$D$5:$D$26,B8,'Calcolo IMU'!$Z$5:$Z$26,"D") -> 1003.27 | G8: =E8+F8 -> 2006.55
A9: ID | B9: Napoli | C9: =VLOOKUP(B9,Parametri!$I$8:$L$12,2,0) -> F839 | D9: 3918 | E9: =SUMIFS('Calcolo IMU'!$V$5:$V$26,'Calcolo IMU'!$A$5:$A$26,A9,'Calcolo IMU'!$D$5:$D$26,B9,'Calcolo IMU'!$AA$5:$AA$26,"3918") -> 1380.12 | F9: =SUMIFS('Calcolo IMU'!$X$5:$X$26,'Calcolo IMU'!$A$5:$A$26,A9,'Calcolo IMU'!$D$5:$D$26,B9,'Calcolo IMU'!$AA$5:$AA$26,"3918") -> 1380.12 | G9: =E9+F9 -> 2760.24
A10: ID | B10: Pozzuoli | C10: =VLOOKUP(B10,Parametri!$I$8:$L$12,2,0) -> G964 | D10: 3918 | E10: =SUMIFS('Calcolo IMU'!$V$5:$V$26,'Calcolo IMU'!$A$5:$A$26,A10,'Calcolo IMU'!$D$5:$D$26,B10,'Calcolo IMU'!$AA$5:$AA$26,"3918") -> 0 | F10: =SUMIFS('Calcolo IMU'!$X$5:$X$26,'Calcolo IMU'!$A$5:$A$26,A10,'Calcolo IMU'!$D$5:$D$26,B10,'Calcolo IMU'!$AA$5:$AA$26,"3918") -> 0 | G10: =E10+F10 -> 0
A11: ID | B11: Caserta | C11: =VLOOKUP(B11,Parametri!$I$8:$L$12,2,0) -> B963 | D11: 3918 | E11: =SUMIFS('Calcolo IMU'!$V$5:$V$26,'Calcolo IMU'!$A$5:$A$26,A11,'Calcolo IMU'!$D$5:$D$26,B11,'Calcolo IMU'!$AA$5:$AA$26,"3918") -> 1780.8 | F11: =SUMIFS('Calcolo IMU'!$X$5:$X$26,'Calcolo IMU'!$A$5:$A$26,A11,'Calcolo IMU'!$D$5:$D$26,B11,'Calcolo IMU'!$AA$5:$AA$26,"3918") -> 1780.8 | G11: =E11+F11 -> 3561.6
A12: ID | B12: Salerno | C12: =VLOOKUP(B12,Parametri!$I$8:$L$12,2,0) -> H703 | D12: 3918 | E12: =SUMIFS('Calcolo IMU'!$V$5:$V$26,'Calcolo IMU'!$A$5:$A$26,A12,'Calcolo IMU'!$D$5:$D$26,B12,'Calcolo IMU'!$AA$5:$AA$26,"3918") -> 1203.93 | F12: =SUMIFS('Calcolo IMU'!$X$5:$X$26,'Calcolo IMU'!$A$5:$A$26,A12,'Calcolo IMU'!$D$5:$D$26,B12,'Calcolo IMU'!$AA$5:$AA$26,"3918") -> 1383.8 | G12: =E12+F12 -> 2587.73
A14: Totale Immobiliare Uno S.r.l. | E14: =SUMIFS(E$5:E$12,$A$5:$A$12,"IU") -> 7806.02 | F14: =SUMIFS(F$5:F$12,$A$5:$A$12,"IU") -> 7806.03 | G14: =SUMIFS(G$5:G$12,$A$5:$A$12,"IU") -> 15612.05
A15: Totale Immobiliare Due S.r.l. | E15: =SUMIFS(E$5:E$12,$A$5:$A$12,"ID") -> 4364.85 | F15: =SUMIFS(F$5:F$12,$A$5:$A$12,"ID") -> 4544.72 | G15: =SUMIFS(G$5:G$12,$A$5:$A$12,"ID") -> 8909.57
A16: TOTALE GENERALE | E16: =SUM(E5:E12) -> 12170.87 | F16: =SUM(F5:F12) -> 12350.75 | G16: =SUM(G5:G12) -> 24521.62
A18: Controllo: il totale deve coincidere con 'Calcolo IMU' (IMU annua dovuta) → | G18: ='Calcolo IMU'!W27 -> 24521.62

Sheet Budget vs Dichiarazione
A1: IMU piena (budget) vs IMU dovuta (dichiarazione)
A2: Il budget di fine anno considera l'IMU piena; la dichiarazione la cristallizza sui mesi effettivi di locazione
A4: Società | B4: Comune | C4: IMU piena (budget) | D4: IMU dovuta | E4: Risparmio | F4: Risparmio %
A5: IU | B5: Napoli | C5: =SUMIFS('Calcolo IMU'!$U$5:$U$26,'Calcolo IMU'!$A$5:$A$26,A5,'Calcolo IMU'!$D$5:$D$26,B5) -> 6848.29 | D5: =SUMIFS('Calcolo IMU'!$W$5:$W$26,'Calcolo IMU'!$A$5:$A$26,A5,'Calcolo IMU'!$D$5:$D$26,B5) -> 6848.29 | E5: =C5-D5 -> 0 | F5: =IFERROR(E5/C5,0) -> 0
A6: IU | B6: Pozzuoli | C6: =SUMIFS('Calcolo IMU'!$U$5:$U$26,'Calcolo IMU'!$A$5:$A$26,A6,'Calcolo IMU'!$D$5:$D$26,B6) -> 1673.95 | D6: =SUMIFS('Calcolo IMU'!$W$5:$W$26,'Calcolo IMU'!$A$5:$A$26,A6,'Calcolo IMU'!$D$5:$D$26,B6) -> 1673.95 | E6: =C6-D6 -> 0 | F6: =IFERROR(E6/C6,0) -> 0
A7: IU | B7: Casoria | C7: =SUMIFS('Calcolo IMU'!$U$5:$U$26,'Calcolo IMU'!$A$5:$A$26,A7,'Calcolo IMU'!$D$5:$D$26,B7) -> 7089.81 | D7: =SUMIFS('Calcolo IMU'!$W$5:$W$26,'Calcolo IMU'!$A$5:$A$26,A7,'Calcolo IMU'!$D$5:$D$26,B7) -> 7089.81 | E7: =C7-D7 -> 0 | F7: =IFERROR(E7/C7,0) -> 0
A8: ID | B8: Napoli | C8: =SUMIFS('Calcolo IMU'!$U$5:$U$26,'Calcolo IMU'!$A$5:$A$26,A8,'Calcolo IMU'!$D$5:$D$26,B8) -> 2760.24 | D8: =SUMIFS('Calcolo IMU'!$W$5:$W$26,'Calcolo IMU'!$A$5:$A$26,A8,'Calcolo IMU'!$D$5:$D$26,B8) -> 2760.24 | E8: =C8-D8 -> 0 | F8: =IFERROR(E8/C8,0) -> 0
A9: ID | B9: Pozzuoli | C9: =SUMIFS('Calcolo IMU'!$U$5:$U$26,'Calcolo IMU'!$A$5:$A$26,A9,'Calcolo IMU'!$D$5:$D$26,B9) -> 169.18 | D9: =SUMIFS('Calcolo IMU'!$W$5:$W$26,'Calcolo IMU'!$A$5:$A$26,A9,'Calcolo IMU'!$D$5:$D$26,B9) -> 0 | E9: =C9-D9 -> 169.18 | F9: =IFERROR(E9/C9,0) -> 1
A10: ID | B10: Caserta | C10: =SUMIFS('Calcolo IMU'!$U$5:$U$26,'Calcolo IMU'!$A$5:$A$26,A10,'Calcolo IMU'!$D$5:$D$26,B10) -> 3561.6 | D10: =SUMIFS('Calcolo IMU'!$W$5:$W$26,'Calcolo IMU'!$A$5:$A$26,A10,'Calcolo IMU'!$D$5:$D$26,B10) -> 3561.6 | E10: =C10-D10 -> 0 | F10: =IFERROR(E10/C10,0) -> 0
A11: ID | B11: Salerno | C11: =SUMIFS('Calcolo IMU'!$U$5:$U$26,'Calcolo IMU'!$A$5:$A$26,A11,'Calcolo IMU'!$D$5:$D$26,B11) -> 3194.1 | D11: =SUMIFS('Calcolo IMU'!$W$5:$W$26,'Calcolo IMU'!$A$5:$A$26,A11,'Calcolo IMU'!$D$5:$D$26,B11) -> 2587.73 | E11: =C11-D11 -> 606.37 | F11: =IFERROR(E11/C11,0) -> 0.18984064
A13: Immobiliare Uno S.r.l. | C13: =SUMIFS(C$5:C$11,$A$5:$A$11,"IU") -> 15612.05 | D13: =SUMIFS(D$5:D$11,$A$5:$A$11,"IU") -> 15612.05 | E13: =SUMIFS(E$5:E$11,$A$5:$A$11,"IU") -> 0 | F13: =IFERROR(E13/C13,0) -> 0
A14: Immobiliare Due S.r.l. | C14: =SUMIFS(C$5:C$11,$A$5:$A$11,"ID") -> 9685.12 | D14: =SUMIFS(D$5:D$11,$A$5:$A$11,"ID") -> 8909.57 | E14: =SUMIFS(E$5:E$11,$A$5:$A$11,"ID") -> 775.55 | F14: =IFERROR(E14/C14,0) -> 0.080076447
A15: TOTALE | C15: =SUM(C5:C11) -> 25297.17 | D15: =SUM(D5:D11) -> 24521.62 | E15: =SUM(E5:E11) -> 775.55 | F15: =IFERROR(E15/C15,0) -> 0.030657579

Sheet Calcolatore rapido
A1: Calcolatore IMU rapido – singolo immobile
A2: Inserisci i dati nelle celle gialle
A4: Categoria catastale | B4: A/10 | D4: Categorie e Comuni disponibili: vedi foglio Parametri.
A5: Rendita catastale | B5: 2450
A6: Comune | B6: Napoli
A7: Quota di possesso | B7: 1
A8: Mesi imponibili (anno) | B8: 12
A9: Mesi imponibili 1° semestre | B9: 6
A10: Riduzione (50% inagibile / storico) | B10: 0
A12: Rendita rivalutata (+5%) | B12: =B5*(1+Parametri!$B$5) -> 2572.5
A13: Moltiplicatore | B13: =VLOOKUP(B4,Parametri!$D$8:$G$24,2,0) -> 80
A14: Base imponibile | B14: =B12*B13*(1-B10) -> 205800
A15: Aliquota anno precedente ‰ | B15: =VLOOKUP(B6,Parametri!$I$8:$L$12,3,0) -> 10.6
A16: Aliquota anno corrente ‰ | B16: =VLOOKUP(B6,Parametri!$I$8:$L$12,4,0) -> 10.6
A17: IMU annua dovuta | B17: =ROUND(B14*B7*B16/1000*B8/12,2) -> 2181.48
A18: Acconto 16 giugno | B18: =ROUND(B14*B7*B15/1000*B9/12,2) -> 1090.74
A19: Saldo 16 dicembre | B19: =B17-B18 -> 1090.74
A20: Gruppo catastale | B20: =VLOOKUP(B4,Parametri!$D$8:$G$24,3,0) -> A10
A21: di cui quota Stato (3925) | B21: =IF(B20="D",ROUND(B14*B7*Parametri!$B$4/1000*B8/12,2),0) -> 0
A22: di cui quota Comune | B22: =B17-B21 -> 2181.48
A23: Codice tributo Comune | B23: =VLOOKUP(B4,Parametri!$D$8:$G$24,4,0) -> 3918

Sheet Parametri
A1: Parametri IMU
A3: Anno d'imposta | B3: 2027
A4: Quota Stato gruppo D (‰) | B4: 7.6
A5: Rivalutazione rendita | B5: 0.05
D7: Categoria | E7: Moltipl. | F7: Gruppo | G7: Cod. tributo Comune | I7: Comune | J7: Cod. catastale | K7: Aliquota anno prec. ‰ | L7: Aliquota anno corr. ‰
D8: A/1 | E8: 160 | F8: A | G8: 3918 | I8: Napoli | J8: F839 | K8: 10.6 | L8: 10.6
D9: A/2 | E9: 160 | F9: A | G9: 3918 | I9: Pozzuoli | J9: G964 | K9: 10.6 | L9: 10.6
D10: A/3 | E10: 160 | F10: A | G10: 3918 | I10: Casoria | J10: B990 | K10: 10.6 | L10: 10.6
D11: A/4 | E11: 160 | F11: A | G11: 3918 | I11: Caserta | J11: B963 | K11: 10.6 | L11: 10.6
D12: A/7 | E12: 160 | F12: A | G12: 3918 | I12: Salerno | J12: H703 | K12: 10.4 | L12: 10.6
D13: A/8 | E13: 160 | F13: A | G13: 3918
D14: A/10 | E14: 80 | F14: A10 | G14: 3918
D15: B/1 | E15: 140 | F15: B | G15: 3918
D16: C/1 | E16: 55 | F16: C1 | G16: 3918
D17: C/2 | E17: 160 | F17: C | G17: 3918
D18: C/3 | E18: 140 | F18: C | G18: 3918
D19: C/6 | E19: 160 | F19: C | G19: 3918
D20: C/7 | E20: 160 | F20: C | G20: 3918
D21: D/1 | E21: 65 | F21: D | G21: 3930
D22: D/5 | E22: 80 | F22: D | G22: 3930
D23: D/7 | E23: 65 | F23: D | G23: 3930
D24: D/8 | E24: 65 | F24: D | G24: 3930
